upi,first_name,last_name,full_name.x,title,unit,scholar_id,full_name.y,ssrn_author_id,dist
581020,Agustin,Samano Penaloza,Agustin Samano Penaloza,Economist,DECMG,NA,NA,NA,NA
547663,Mahvish Ifrah,Shaukat,Mahvish Ifrah Shaukat,Economist,DECMG,NA,NA,NA,NA
366434,Martin,Kanz,Martin Kanz,Senior Economist,DECFP,NA,Martin Kanz,1688589,0
564647,Sunghoon,Chung,Sunghoon Chung,Senior Economist,DECTI,NA,NA,NA,NA
439838,Tatjana Karina,Kleineberg,Tatjana Karina Kleineberg,Economist,DECMG,NA,NA,NA,NA
309100,Bob,Rijkers,Bob Rijkers,Senior Economist,DECTI,_4y32OAAAAAJ,Bob Rijkers,1053202,0
253548,Damien B. C. M.,de Walque,Damien B. C. M. de Walque,Lead Economist,DECHD,_xlcDD0AAAAJ,NA,NA,NA
380428,Erhan,Artuc,Erhan Artuc,Senior Economist,DECTI,_Z_64lcAAAAJ,Erhan Artuc,1825065,0
237611,Xavier,Gine,Xavier Gine,Lead Economist,DECFP,1krHoXIAAAAJ,Xavier Giné,431702,0.060606061
163961,Michael,Woolcock,Michael Woolcock,Lead Social Scientist,DECPI,2Zrq3q4AAAAJ,Michael Woolcock,99251,0
546721,Katy Ann,Bergstrom,Katy Ann Bergstrom,Economist,DECPI,4SH-BZ0AAAAJ,Katy Bergstrom,3920184,0.074074074
513655,Kibrom Tafere,Hirfrfot,Kibrom Tafere Hirfrfot,Economist,DECSI,6V4UZnUAAAAJ,Kibrom Tafere,2765845,0.136363636
547641,Alejandro Ivan,Molnar,Alejandro Ivan Molnar,Economist,DECSI,70o6wssAAAAJ,NA,NA,NA
201028,John T.,Giles,John T. Giles,Lead Economist,DECHD,9Hv0EB0AAAAJ,John Giles,954559,0.076923077
181320,Emanuela,Galasso,Emanuela Galasso,Senior Economist,DECPI,9Ls3xSAAAAAJ,Emanuela Galasso,244566,0
160389,Sergio L.,Schmukler,Sergio L. Schmukler,Research Manager,DECMG,AeLFJCAAAAAJ,Sergio L. Schmukler,50352,0
566942,Benoit Marie A,Decerf,Benoit Marie A Decerf,Research Economist,DECPI,b7MEsLMAAAAJ,NA,NA,NA
234491,Ana Margarida,Fernandes,Ana Margarida Fernandes,Lead Economist,DECTI,BCMjtSMAAAAJ,NA,NA,NA
330839,Paulo S. R.,Bastos,Paulo S. R. Bastos,Senior Economist,DECTI,bKdBeisAAAAJ,NA,NA,NA
464833,Steven Michael,Pennings,Steven Michael Pennings,Research Economist,DECMG,CLNHDRUAAAAJ,Steven Michael Pennings,2635052,0
468173,Alvaro Enrique,Pedraza morales,Alvaro Enrique Pedraza morales,Research Economist,DECFP,D39hlkkAAAAJ,Alvaro Enrique Pedraza Morales,2988905,0
520443,Arnold Patrick,Behrer,Arnold Patrick Behrer,Research Economist,DECSI,D7hObZcAAAAJ,NA,NA,NA
384973,Roberto N.,Fattal Jaef,Roberto N. Fattal Jaef,Senior Economist,DECMG,dOvBUJEAAAAJ,Roberto Fattal,3964614,0.121212121
384973,Roberto N.,Fattal Jaef,Roberto N. Fattal Jaef,Senior Economist,DECMG,dOvBUJEAAAAJ,Roberto N. Fattal Jaef,2935605,0
384973,Roberto N.,Fattal Jaef,Roberto N. Fattal Jaef,Senior Economist,DECMG,dOvBUJEAAAAJ,Roberto Naim Fattal Jaef,1435450,0.128246753
73732,Susmita,Dasgupta,Susmita Dasgupta,Lead Environmental Economist,DECSI,dPhtdk8AAAAJ,Susmita Dasgupta,55072,0
566211,Sandra Viviana,Rozo Villarraga,Sandra Viviana Rozo Villarraga,Research Economist,DECPI,DQXjgPMAAAAJ,NA,NA,NA
72501,Klaus W.,Deininger,Klaus W. Deininger,Lead Economist,DECSI,EthslK4AAAAJ,Klaus Deininger,337036,0.055555556
200090,David J.,McKenzie,David J. McKenzie,Lead Economist,DECFP,EUhiltEAAAAJ,David J. McKenzie,275203,0
295113,Carolyn,Fischer,Carolyn Fischer,Research Manager,DECSI,gHOLFRkAAAAJ,NA,NA,NA
104196,Stuti,Khemani,Stuti Khemani,Senior Economist,DECMG,gSMDgi8AAAAJ,Stuti Khemani,92245,0
326023,Tristan,Reed,Tristan Reed,Economist,DECTI,Gw-xJ7YAAAAJ,Tristan Reed,3475704,0
388522,Eeshani,Kandpal,Eeshani Kandpal,Research Economist,DECPI,hjunLdkAAAAJ,Eeshani Kandpal,1722918,0
239066,Caglar,Ozden,Caglar Ozden,Lead Economist,DECTI,hONjAyEAAAAJ,Caglar Ozden,349253,0
239066,Caglar,Ozden,Caglar Ozden,Lead Economist,DECTI,hONjAyEAAAAJ,Caglar Ozden,2380498,0
83072,Vijayendra,Rao,Vijayendra Rao,Lead Economist,DECPI,ImtSzeYAAAAJ,Vijayendra Rao,329086,0
196009,Quy-Toan,Do,Quy-Toan Do,Senior Economist,DECPI,k99ct9sAAAAJ,Quy-Toan Do,93767,0
196009,Quy-Toan,Do,Quy-Toan Do,Senior Economist,DECPI,k99ct9sAAAAJ,Quy-Toan Do,2909310,0
94681,Forhad J.,Shilpi,Forhad J. Shilpi,Senior Economist,DECSI,L9WloxMAAAAJ,Forhad Shilpi,328201,0.0625
530525,Lelys Ileana,Dinarte Diaz,Lelys Ileana Dinarte Diaz,Economist,DECHD,LZ3wc80AAAAJ,NA,NA,NA
317778,Miriam,Bruhn,Miriam Bruhn,Senior Economist,DECFP,ma1afvYAAAAJ,Miriam Bruhn,493450,0
51132,Hanan G.,Jacoby,Hanan G. Jacoby,Lead Economist,DECSI,ms1aMr0AAAAJ,Hanan G. Jacoby,45601,0
248087,Harris,Selod,Harris Selod,Senior Economist,DECSI,njYFuXsAAAAJ,Harris Selod,328613,0
267938,Daniel Ayalew,Ali,Daniel Ayalew Ali,Senior Economist,DECSI,NT2maDQAAAAJ,Daniel Ayalew Ali,798717,0
267938,Daniel Ayalew,Ali,Daniel Ayalew Ali,Senior Economist,DECSI,NT2maDQAAAAJ,Daniel Ayalew,645967,0.078431373
82816,Berk,Ozler,Berk Ozler,Research Manager,DECPI,ocxMxAwAAAAJ,Berk Ozler,384473,0
340653,Anukriti,LNU,S Anukriti,Research Economist,DECHD,pSrPxoAAAAAJ,NA,NA,NA
446741,Pierre Jean,Bachas,Pierre Jean Bachas,Economist,DECMG,q7RJ7McAAAAJ,Pierre Jean Bachas,2935604,0
564418,Devaki,Ghose,Devaki Ghose,Research Economist,DECTI,qqan85YAAAAJ,NA,NA,NA
384671,Daria,Taglioni,Daria Taglioni,Research Manager,DECTI,qsSshgMAAAAJ,Daria Taglioni,337831,0
447396,Oyebola Motunrayo,Okunogbe,Oyebola Motunrayo Okunogbe,Economist,DECHD,QvCAdTsAAAAJ,Oyebola Motunrayo Okunogbe,3009671,0
331447,Gil,Shapira,Gil Shapira,Economist,DECHD,qvNcL8gAAAAJ,Gil Shapira,2210238,0
331447,Gil,Shapira,Gil Shapira,Economist,DECHD,qvNcL8gAAAAJ,Gil Shapira,1134720,0
414226,Dorothea Huberta Maria,Hilhorst,Dorothea Huberta Maria Hilhorst,Senior Land Governance Specialist,DECSI,r7I5AGMAAAAJ,Dorothea Huberta Maria Hilhorst,3640408,0
148611,L. Colin,Xu,L. Colin Xu,Lead Economist,DECFP,RRevF6oAAAAJ,L. Colin Xu,3507329,0
256280,Roy,Van der Weide,Roy Van der Weide,Senior Economist,DECPI,s_9SSOUAAAAJ,Roy van der Weide,681385,0
250639,Jevgenijs,Steinbuks,Jevgenijs Steinbuks,Senior Economist,DECSI,sI3AxU4AAAAJ,Jevgenijs Steinbuks,2257197,0
250639,Jevgenijs,Steinbuks,Jevgenijs Steinbuks,Senior Economist,DECSI,sI3AxU4AAAAJ,Jevgenijs Steinbuks,494619,0
240247,Bilal Husnain,Zia,Bilal Husnain Zia,Senior Economist,DECFP,SMThCg0AAAAJ,NA,NA,NA
318189,Govinda R.,Timilsina,Govinda R. Timilsina,Senior Research Economist,DECSI,tgAAvNAAAAAJ,Govinda R. Timilsina,866556,0
452275,Clement Jean Edouard,Joubert,Clement Jean Edouard Joubert,Economist,DECHD,UDRS8-kAAAAJ,Clement Jean Edouard Joubert,2701287,0
423832,Saniya,Ansar,Saniya Ansar,Economist,DECFP,uqRxJXwAAAAJ,Saniya Ansar,2795346,0
381032,Claudia,Ruiz Ortega,Claudia Ruiz Ortega,Economist,DECFP,uulB0Q3Z4RsC,Claudia Ruiz Ortega,2082384,0
180665,Jed,Friedman,Jed Friedman,Lead Economist,DECPI,VEUvqZ8AAAAJ,Jed Friedman,296024,0
518521,Roman David,Zarate Vasquez,Roman David Zarate Vasquez,Research Economist,DECTI,w1QxsI4AAAAJ,NA,NA,NA
481947,Jake Richard,Hess,Jake Richard Hess,Research Analyst,DECFP,W4vhCosAAAAJ,Jake Richard Hess,3884121,0
480571,Rishabh,Sinha,Rishabh Sinha,Economist,DECMG,WmF7xeQAAAAJ,Rishabh Sinha,2499439,0
179091,Leora,Klapper,Leora Klapper,Lead Economist,DECFP,Y77BCFMAAAAJ,Leora Klapper,2663103,0
179091,Leora,Klapper,Leora Klapper,Lead Economist,DECFP,Y77BCFMAAAAJ,Leora F. Klapper,1963,0.0625
154997,Robert J.,Cull,Robert J. Cull,Research Manager,DECFP,yiPXPJ8AAAAJ,Robert Cull,230419,0.071428571
208010,Hiau Looi,Kee,Hiau Looi Kee,Lead Economist,DECTI,YlJyDusAAAAJ,Hiau Looi Kee,277156,0
259971,Owen,Ozier,Owen Ozier,Senior Economist,DECHD,ZCUpw6oAAAAJ,Owen Ozier,3021274,0
259971,Owen,Ozier,Owen Ozier,Senior Economist,DECHD,ZCUpw6oAAAAJ,Owen W. Ozier,490701,0.076923077
474201,Anja,Sautmann,Anja Sautmann,Research Economist,DECHD,ZF_o71YAAAAJ,NA,NA,NA
82986,Kathleen G.,Beegle,Kathleen G. Beegle,Research Manager,DECHD,ZupWEOcAAAAJ,Kathleen Beegle,355407,0.088888889
82986,Kathleen G.,Beegle,Kathleen G. Beegle,Research Manager,DECHD,ZupWEOcAAAAJ,Kathleen Beegle,4130955,0.088888889
